SNP_ID,CHR,Start,Ref,Alt,Gene.refGene,Func.refGene,ExonicFunc.refGene,Cov,FDR_BH,avsnp150,SNP
1:143200288,1,143200288,A,G,NONE;LSP1P5,intergenic,.,Unclassified_164_bin.13,3.403e-05,,1:143200288
1:143200366,1,143200366,T,A,NONE;LSP1P5,intergenic,.,Unclassified_164_bin.13,0.0007461,,1:143200366
1:143213154,1,143213154,A,C,NONE;LSP1P5,intergenic,.,Anaerococcus nagyae,0.0006739,,1:143213154
1:143217102,1,143217102,T,C,NONE;LSP1P5,intergenic,.,Anaerococcus nagyae,5.934e-06,,1:143217102
1:143217102,1,143217102,T,C,NONE;LSP1P5,intergenic,.,Cutibacterium granulosum,0.0005674,,1:143217102
1:143232017,1,143232017,T,A,NONE;LSP1P5,intergenic,.,Acinetobacter baumannii,1.933e-08,,1:143232017
1:143240289,1,143240289,G,0,NONE;LSP1P5,intergenic,.,Unclassified_164_bin.13,0.0001429,,1:143240289
1:143240291,1,143240291,ATCGAATGGAATCATCGAATGGAC,0,NONE;LSP1P5,intergenic,.,Corynebacterium matruchotii,0.0003335,,1:143240291
1:143240294,1,143240294,G,0,NONE;LSP1P5,intergenic,.,Corynebacterium matruchotii,0.0006663,,1:143240294
1:143240306,1,143240306,C,0,NONE;LSP1P5,intergenic,.,Corynebacterium matruchotii,0.0006866,,1:143240306
1:143240307,1,143240307,G,0,NONE;LSP1P5,intergenic,.,Corynebacterium matruchotii,0.0007927,,1:143240307
1:143254814,1,143254814,G,A,NONE;LSP1P5,intergenic,.,Cutibacterium namnetense,0.0004734,,1:143254814
rs2864826,2,55253857,C,T,MTIF2,intronic,.,Cutibacterium granulosum,0.0003026,rs2864826,2:55253857
3:90510342,3,90510342,C,T,EPHA3;NONE,intergenic,.,Vibrio metschnikovii,8.786e-05,,3:90510342
rs1040688641,4,49654113,C,T,CWH43;NONE,intergenic,.,Unclassified_68_bin.27,1.376e-11,rs1040688641,4:49654113
rs375123133,4,119644927,A,G,LOC107986192;LINC01365,intergenic,.,Unclassified_A36_bin.27,1.575e-06,rs375123133,4:119644927
5:49599985,5,49599985,A,G,NONE;EMB,intergenic,.,Anaerococcus nagyae,0.0004757,,5:49599985
6:27139372,6,27139372,G,A,H4C9,exonic,nonsynonymous SNV,Cutibacterium acnes,0.0005971,,6:27139372
6:27139372,6,27139372,G,A,H4C9,exonic,nonsynonymous SNV,Streptococcus mitis_AK,0.0001869,,6:27139372
6:27139372,6,27139372,G,A,H4C9,exonic,nonsynonymous SNV,Unclassified_BJ026_bin.8,1.581e-05,,6:27139372
6:27139372,6,27139372,G,A,H4C9,exonic,nonsynonymous SNV,Unclassified_68_bin.27,7.906e-05,,6:27139372
rs760643847,6,27139375,C,T,H4C9,exonic,synonymous SNV,Unclassified_BJ026_bin.8,0.0005462,rs760643847,6:27139375
rs760643847,6,27139375,C,T,H4C9,exonic,synonymous SNV,Unclassified_68_bin.27,5.955e-05,rs760643847,6:27139375
6:60240728,6,60240728,T,G,NONE;MTRNR2L9,intergenic,.,Anaerococcus nagyae,7.579e-05,,6:60240728
6:60240728,6,60240728,T,G,NONE;MTRNR2L9,intergenic,.,Cutibacterium granulosum,0.0006619,,6:60240728
7:57937602,7,57937602,A,G,ZNF716;NONE,intergenic,.,Unclassified_164_bin.13,0.0008077,,7:57937602
8:43240944,8,43240944,C,G,HGSNAT;POTEA,intergenic,.,Anaerococcus nagyae,3.579e-12,,8:43240944
8:43240944,8,43240944,C,G,HGSNAT;POTEA,intergenic,.,Cutibacterium granulosum,3.631e-06,,8:43240944
8:43240955,8,43240955,T,G,HGSNAT;POTEA,intergenic,.,Anaerococcus nagyae,1.332e-13,,8:43240955
8:43240955,8,43240955,T,G,HGSNAT;POTEA,intergenic,.,Cutibacterium granulosum,2.3e-05,,8:43240955
8:43240972,8,43240972,A,T,HGSNAT;POTEA,intergenic,.,Anaerococcus nagyae,4.75e-14,,8:43240972
8:43240972,8,43240972,A,T,HGSNAT;POTEA,intergenic,.,Cutibacterium granulosum,1.44e-05,,8:43240972
9:43211088,9,43211088,A,G,LOC102724904;NONE,intergenic,.,Vibrio metschnikovii,0.000284,,9:43211088
10:41858624,10,41858624,T,0,NONE;LOC441666,intergenic,.,Planobacterium taklimakanense,2.403e-05,,10:41858624
rs368495385,10,41873925,G,T,NONE;LOC441666,intergenic,.,Cutibacterium granulosum,0.0002087,rs368495385,10:41873925
10:41899587,10,41899587,T,C,NONE;LOC441666,intergenic,.,Anaerococcus nagyae,9.657e-06,,10:41899587
10:41899587,10,41899587,T,0,NONE;LOC441666,intergenic,.,Anaerococcus nagyae,9.657e-06,,10:41899587
rs58885366,11,5496352,-,TTAAAGACCCCACAAAGAGACTTACTGCCTCATTTAAAACACAATTG,OR51B5,intronic,.,Veillonella parvula_A,3.239e-06,rs58885366,11:5496352
rs73199277,13,63067343,G,A,LINC00448;LINC00376,intergenic,.,Cutibacterium modestum,0.0003638,rs73199277,13:63067343
14:64541002,14,64541002,C,G,HSPA2,exonic,synonymous SNV,Streptococcus mitis_AK,1.942e-05,,14:64541002
14:64541002,14,64541002,C,G,HSPA2,exonic,synonymous SNV,Unclassified_164_bin.13,4.329e-05,,14:64541002
14:64541002,14,64541002,C,G,HSPA2,exonic,synonymous SNV,Unclassified_BJ026_bin.8,1.581e-05,,14:64541002
14:64541002,14,64541002,C,G,HSPA2,exonic,synonymous SNV,Unclassified_68_bin.27,0.0002556,,14:64541002
14:64541002,14,64541002,C,G,HSPA2,exonic,synonymous SNV,Unclassified_BJ161_bin.11,6.037e-06,,14:64541002
14:64541002,14,64541002,C,G,HSPA2,exonic,synonymous SNV,Unclassified_GDM_bin.2,5.455e-06,,14:64541002
rs150693771,14,64541008,C,T,HSPA2,exonic,synonymous SNV,Unclassified_BJ161_bin.11,0.0006691,rs150693771,14:64541008
rs150693771,14,64541008,C,T,HSPA2,exonic,synonymous SNV,Unclassified_GDM_bin.2,0.0007756,rs150693771,14:64541008
rs76723501,14,82287440,C,T,LINC02311;LINC02301,intergenic,.,Cutibacterium namnetense,0.0007722,rs76723501,14:82287440
16:34583494,16,34583494,G,A,CCNYL3;CCNYL3,intergenic,.,Unclassified_68_bin.27,7.192e-15,,16:34583494
rs4404093,16,46389974,C,G,NONE;ANKRD26P1,intergenic,.,Unclassified_68_bin.27,0.000145,rs4404093,16:46389974
rs4356501,16,46390468,A,C,NONE;ANKRD26P1,intergenic,.,Acinetobacter baumannii,8.137e-05,rs4356501,16:46390468
rs4480831,16,46391174,A,C,NONE;ANKRD26P1,intergenic,.,Acinetobacter baumannii,3.709e-43,rs4480831,16:46391174
16:46394366,16,46394366,TGAACCCAATGGAATCATTAAATGGACTCGAATAGAATCATCGAATGGACTCGAATGGAATCATCATCGAATGGAATAGAATGGAGTCTG,0,NONE;ANKRD26P1,intergenic,.,Acinetobacter baumannii,5.752e-05,,16:46394366
16:46394367,16,46394367,GAACCCAATGGAA,0,NONE;ANKRD26P1,intergenic,.,Acinetobacter baumannii,2.042e-10,,16:46394367
16:46394382,16,46394382,ATTAAATGGACTCGAATAGAATCATCGAATGGACTCGAATGGAATCATCATCGAATGGAATAGAATGGAGTCTGGAATCG,0,NONE;ANKRD26P1,intergenic,.,Acinetobacter baumannii,1.269e-20,,16:46394382
16:46394436,16,46394436,ATGGAATAGAATGGAGTC,0,NONE;ANKRD26P1,intergenic,.,Acinetobacter baumannii,2.85e-05,,16:46394436
rs4322691,16,46398864,A,G,NONE;ANKRD26P1,intergenic,.,Unclassified_68_bin.27,0.0004786,rs4322691,16:46398864
rs187668919,17,26937952,T,C,NONE;LOC105371703,intergenic,.,Lawsonella clevelandensis_A,0.0003035,rs187668919,17:26937952
19:6361897,19,6361897,A,T,CLPP,exonic,nonsynonymous SNV,Unclassified_A36_bin.27,2.806e-07,,19:6361897
19:55488876,19,55488876,-,GGAGCACCAAAGCCGTGGTCCCCAGCCCTGACTTCAGGGGCCAGACATC,SSC5D,intronic,.,Enterobacter oligotrophicus,1.797e-08,,19:55488876
rs188319690,20,11009494,G,C,LOC101929413;LINC02871,intergenic,.,Actinomyces oris,0.000171,rs188319690,20:11009494
rs188319690,20,11009494,G,C,LOC101929413;LINC02871,intergenic,.,Unclassified_164_bin.13,4.659e-07,rs188319690,20:11009494
20:28817755,20,28817755,T,G,FRG1CP;FRG1DP,intergenic,.,Unclassified_A36_bin.27,3.223e-06,,20:28817755
20:28817799,20,28817799,C,T,FRG1CP;FRG1DP,intergenic,.,Unclassified_A36_bin.27,5.801e-05,,20:28817799
20:28817815,20,28817815,T,C,FRG1CP;FRG1DP,intergenic,.,Unclassified_A36_bin.27,0.0002455,,20:28817815
20:28890158,20,28890158,C,A,FRG1CP;FRG1DP,intergenic,.,Unclassified_164_bin.13,1.226e-05,,20:28890158
20:31053734,20,31053734,T,C,FRG1BP;DEFB115,intergenic,.,Cutibacterium namnetense,0.000795,,20:31053734
20:31053734,20,31053734,T,C,FRG1BP;DEFB115,intergenic,.,Staphylococcus epidermidis,5.5e-06,,20:31053734
20:31055602,20,31055602,-,CAATA,FRG1BP;DEFB115,intergenic,.,Planobacterium taklimakanense,0.0003467,,20:31055602
20:31068817,20,31068817,C,A,FRG1BP;DEFB115,intergenic,.,Staphylococcus epidermidis,8.946e-05,,20:31068817
HG2062_PATCH:320,HG2062_PATCH,320,C,A,NONE;NONE,intergenic,.,Unclassified_BJ161_bin.11,0.0002618,,HG2062_PATCH:320
HG2062_PATCH:320,HG2062_PATCH,320,C,A,NONE;NONE,intergenic,.,Unclassified_GDM_bin.2,0.0004321,,HG2062_PATCH:320
HG2062_PATCH:325,HG2062_PATCH,325,C,T,NONE;NONE,intergenic,.,Actinomyces oris,6.471e-06,,HG2062_PATCH:325
HG2062_PATCH:325,HG2062_PATCH,325,C,T,NONE;NONE,intergenic,.,Cutibacterium namnetense,0.0003906,,HG2062_PATCH:325
HG2062_PATCH:361,HG2062_PATCH,361,C,T,NONE;NONE,intergenic,.,Alloprevotella sp015259235,0.0004088,,HG2062_PATCH:361
HG2062_PATCH:361,HG2062_PATCH,361,C,T,NONE;NONE,intergenic,.,Unclassified_164_bin.13,0.0002813,,HG2062_PATCH:361
HG2062_PATCH:361,HG2062_PATCH,361,C,T,NONE;NONE,intergenic,.,Unclassified_BJ161_bin.11,1.871e-05,,HG2062_PATCH:361
HG2062_PATCH:361,HG2062_PATCH,361,C,T,NONE;NONE,intergenic,.,Unclassified_GDM_bin.2,3.681e-05,,HG2062_PATCH:361
HG2062_PATCH:414,HG2062_PATCH,414,A,C,NONE;NONE,intergenic,.,Unclassified_BJ161_bin.11,0.0001171,,HG2062_PATCH:414
HG2062_PATCH:414,HG2062_PATCH,414,A,C,NONE;NONE,intergenic,.,Unclassified_GDM_bin.2,0.0002636,,HG2062_PATCH:414
HG2062_PATCH:430,HG2062_PATCH,430,G,C,NONE;NONE,intergenic,.,Alloprevotella sp015259235,0.0007525,,HG2062_PATCH:430
HG2062_PATCH:430,HG2062_PATCH,430,G,C,NONE;NONE,intergenic,.,Unclassified_164_bin.13,0.0005582,,HG2062_PATCH:430
HG2062_PATCH:430,HG2062_PATCH,430,G,C,NONE;NONE,intergenic,.,Unclassified_BJ161_bin.11,5.173e-05,,HG2062_PATCH:430
HG2062_PATCH:430,HG2062_PATCH,430,G,C,NONE;NONE,intergenic,.,Unclassified_GDM_bin.2,0.0001369,,HG2062_PATCH:430
HG2062_PATCH:466,HG2062_PATCH,466,G,C,NONE;NONE,intergenic,.,Unclassified_BJ161_bin.11,0.0003824,,HG2062_PATCH:466
HG2062_PATCH:466,HG2062_PATCH,466,G,C,NONE;NONE,intergenic,.,Unclassified_GDM_bin.2,0.0007885,,HG2062_PATCH:466
HG2062_PATCH:478,HG2062_PATCH,478,T,C,NONE;NONE,intergenic,.,Unclassified_BJ161_bin.11,0.0001737,,HG2062_PATCH:478
HG2062_PATCH:478,HG2062_PATCH,478,T,C,NONE;NONE,intergenic,.,Unclassified_GDM_bin.2,0.0003187,,HG2062_PATCH:478
HG2062_PATCH:1937,HG2062_PATCH,1937,A,C,NONE;NONE,intergenic,.,Alloprevotella sp015259235,0.000652,,HG2062_PATCH:1937
HG2062_PATCH:1937,HG2062_PATCH,1937,A,C,NONE;NONE,intergenic,.,Unclassified_BJ161_bin.11,0.0004725,,HG2062_PATCH:1937
HG2062_PATCH:2034,HG2062_PATCH,2034,T,G,NONE;NONE,intergenic,.,Unclassified_BJ161_bin.11,7.601e-05,,HG2062_PATCH:2034
HG2062_PATCH:2034,HG2062_PATCH,2034,T,G,NONE;NONE,intergenic,.,Unclassified_GDM_bin.2,0.0001072,,HG2062_PATCH:2034
HG2062_PATCH:2041,HG2062_PATCH,2041,T,C,NONE;NONE,intergenic,.,Unclassified_BJ161_bin.11,0.000148,,HG2062_PATCH:2041
HG2062_PATCH:2041,HG2062_PATCH,2041,T,C,NONE;NONE,intergenic,.,Unclassified_GDM_bin.2,0.0005985,,HG2062_PATCH:2041
HG2062_PATCH:2155,HG2062_PATCH,2155,C,G,NONE;NONE,intergenic,.,Unclassified_BJ161_bin.11,0.0007849,,HG2062_PATCH:2155
HG2062_PATCH:2188,HG2062_PATCH,2188,G,A,NONE;NONE,intergenic,.,Unclassified_BJ161_bin.11,0.0006425,,HG2062_PATCH:2188
HG2062_PATCH:2192,HG2062_PATCH,2192,T,A,NONE;NONE,intergenic,.,Unclassified_BJ161_bin.11,0.0005724,,HG2062_PATCH:2192
HG2062_PATCH:2193,HG2062_PATCH,2193,C,A,NONE;NONE,intergenic,.,Unclassified_BJ161_bin.11,0.0005724,,HG2062_PATCH:2193
HG2062_PATCH:2266,HG2062_PATCH,2266,A,G,NONE;NONE,intergenic,.,Unclassified_BJ161_bin.11,0.0002832,,HG2062_PATCH:2266
HG2062_PATCH:2266,HG2062_PATCH,2266,A,G,NONE;NONE,intergenic,.,Unclassified_GDM_bin.2,0.0004756,,HG2062_PATCH:2266
HG2062_PATCH:2296,HG2062_PATCH,2296,C,A,NONE;NONE,intergenic,.,Unclassified_BJ161_bin.11,3.256e-05,,HG2062_PATCH:2296
HG2062_PATCH:2296,HG2062_PATCH,2296,C,A,NONE;NONE,intergenic,.,Unclassified_GDM_bin.2,7.435e-05,,HG2062_PATCH:2296
HG2062_PATCH:2426,HG2062_PATCH,2426,C,T,NONE;NONE,intergenic,.,Unclassified_BJ161_bin.11,7.846e-05,,HG2062_PATCH:2426
HG2062_PATCH:2426,HG2062_PATCH,2426,C,T,NONE;NONE,intergenic,.,Unclassified_GDM_bin.2,0.0001833,,HG2062_PATCH:2426
HG2062_PATCH:2429,HG2062_PATCH,2429,G,T,NONE;NONE,intergenic,.,Alloprevotella sp015259235,7.471e-05,,HG2062_PATCH:2429
HG2062_PATCH:2429,HG2062_PATCH,2429,G,T,NONE;NONE,intergenic,.,Unclassified_164_bin.13,4.016e-05,,HG2062_PATCH:2429
HG2062_PATCH:2429,HG2062_PATCH,2429,G,T,NONE;NONE,intergenic,.,Unclassified_BJ161_bin.11,7.269e-06,,HG2062_PATCH:2429
HG2062_PATCH:2429,HG2062_PATCH,2429,G,T,NONE;NONE,intergenic,.,Unclassified_GDM_bin.2,2.399e-05,,HG2062_PATCH:2429
HG2062_PATCH:2430,HG2062_PATCH,2430,A,T,NONE;NONE,intergenic,.,Alloprevotella sp015259235,0.0001292,,HG2062_PATCH:2430
HG2062_PATCH:2430,HG2062_PATCH,2430,A,T,NONE;NONE,intergenic,.,Unclassified_164_bin.13,0.0001142,,HG2062_PATCH:2430
HG2062_PATCH:2430,HG2062_PATCH,2430,A,T,NONE;NONE,intergenic,.,Unclassified_BJ161_bin.11,1.757e-05,,HG2062_PATCH:2430
HG2062_PATCH:2430,HG2062_PATCH,2430,A,T,NONE;NONE,intergenic,.,Unclassified_GDM_bin.2,3.347e-05,,HG2062_PATCH:2430
HG2062_PATCH:2444,HG2062_PATCH,2444,A,G,NONE;NONE,intergenic,.,Unclassified_BJ161_bin.11,9.857e-05,,HG2062_PATCH:2444
HG2062_PATCH:2444,HG2062_PATCH,2444,A,G,NONE;NONE,intergenic,.,Unclassified_GDM_bin.2,0.0002636,,HG2062_PATCH:2444
HG2062_PATCH:2507,HG2062_PATCH,2507,A,G,NONE;NONE,intergenic,.,Unclassified_BJ161_bin.11,0.0005515,,HG2062_PATCH:2507
HG2062_PATCH:2525,HG2062_PATCH,2525,A,G,NONE;NONE,intergenic,.,Unclassified_BJ161_bin.11,0.0006191,,HG2062_PATCH:2525
HG2062_PATCH:2566,HG2062_PATCH,2566,T,G,NONE;NONE,intergenic,.,Alloprevotella sp015259235,0.0003731,,HG2062_PATCH:2566
HG2062_PATCH:2566,HG2062_PATCH,2566,T,G,NONE;NONE,intergenic,.,Unclassified_BJ161_bin.11,0.000117,,HG2062_PATCH:2566
HG2062_PATCH:2566,HG2062_PATCH,2566,T,G,NONE;NONE,intergenic,.,Unclassified_GDM_bin.2,0.0003555,,HG2062_PATCH:2566
HG2062_PATCH:2577,HG2062_PATCH,2577,T,C,NONE;NONE,intergenic,.,Alloprevotella sp015259235,0.0002661,,HG2062_PATCH:2577
HG2062_PATCH:2577,HG2062_PATCH,2577,T,C,NONE;NONE,intergenic,.,Unclassified_164_bin.13,0.0002864,,HG2062_PATCH:2577
HG2062_PATCH:2577,HG2062_PATCH,2577,T,C,NONE;NONE,intergenic,.,Unclassified_BJ161_bin.11,2.808e-05,,HG2062_PATCH:2577
HG2062_PATCH:2577,HG2062_PATCH,2577,T,C,NONE;NONE,intergenic,.,Unclassified_GDM_bin.2,8.031e-05,,HG2062_PATCH:2577
HG2062_PATCH:2708,HG2062_PATCH,2708,C,A,NONE;NONE,intergenic,.,Alloprevotella sp015259235,0.0006227,,HG2062_PATCH:2708
HG2062_PATCH:2708,HG2062_PATCH,2708,C,A,NONE;NONE,intergenic,.,Unclassified_164_bin.13,0.0007361,,HG2062_PATCH:2708
HG2062_PATCH:2708,HG2062_PATCH,2708,C,A,NONE;NONE,intergenic,.,Unclassified_BJ161_bin.11,4.553e-05,,HG2062_PATCH:2708
HG2062_PATCH:2708,HG2062_PATCH,2708,C,A,NONE;NONE,intergenic,.,Unclassified_GDM_bin.2,0.0001022,,HG2062_PATCH:2708
HG2062_PATCH:2725,HG2062_PATCH,2725,A,G,NONE;NONE,intergenic,.,Unclassified_BJ161_bin.11,0.000231,,HG2062_PATCH:2725
HG2062_PATCH:2725,HG2062_PATCH,2725,A,G,NONE;NONE,intergenic,.,Unclassified_GDM_bin.2,0.0005354,,HG2062_PATCH:2725
HG2062_PATCH:2798,HG2062_PATCH,2798,A,G,NONE;NONE,intergenic,.,Unclassified_BJ115_bin.6,9.142e-05,,HG2062_PATCH:2798
HG2062_PATCH:2854,HG2062_PATCH,2854,G,C,NONE;NONE,intergenic,.,Unclassified_BJ161_bin.11,0.0003247,,HG2062_PATCH:2854
HG2062_PATCH:2854,HG2062_PATCH,2854,G,C,NONE;NONE,intergenic,.,Unclassified_GDM_bin.2,0.0006432,,HG2062_PATCH:2854
HG2062_PATCH:2866,HG2062_PATCH,2866,T,C,NONE;NONE,intergenic,.,Unclassified_BJ161_bin.11,0.0004328,,HG2062_PATCH:2866
HG2062_PATCH:2866,HG2062_PATCH,2866,T,C,NONE;NONE,intergenic,.,Unclassified_GDM_bin.2,0.0007675,,HG2062_PATCH:2866
HG2062_PATCH:2871,HG2062_PATCH,2871,T,C,NONE;NONE,intergenic,.,Unclassified_BJ161_bin.11,0.0002274,,HG2062_PATCH:2871
HG2062_PATCH:2871,HG2062_PATCH,2871,T,C,NONE;NONE,intergenic,.,Unclassified_GDM_bin.2,0.0003781,,HG2062_PATCH:2871
HG2062_PATCH:2876,HG2062_PATCH,2876,T,G,NONE;NONE,intergenic,.,Alloprevotella sp015259235,0.0008012,,HG2062_PATCH:2876
HG2062_PATCH:2876,HG2062_PATCH,2876,T,G,NONE;NONE,intergenic,.,Unclassified_BJ161_bin.11,0.000395,,HG2062_PATCH:2876
HG2062_PATCH:2920,HG2062_PATCH,2920,T,A,NONE;NONE,intergenic,.,Unclassified_BJ161_bin.11,0.0001019,,HG2062_PATCH:2920
HG2062_PATCH:2920,HG2062_PATCH,2920,T,A,NONE;NONE,intergenic,.,Unclassified_GDM_bin.2,0.0002148,,HG2062_PATCH:2920
HG2062_PATCH:3036,HG2062_PATCH,3036,AG,-,NONE;NONE,intergenic,.,Unclassified_BJ161_bin.11,0.0003785,,HG2062_PATCH:3036
HG2062_PATCH:3036,HG2062_PATCH,3036,AG,-,NONE;NONE,intergenic,.,Unclassified_GDM_bin.2,0.0007537,,HG2062_PATCH:3036
HG2062_PATCH:3036,HG2062_PATCH,3036,A,0,NONE;NONE,intergenic,.,Unclassified_BJ161_bin.11,0.0003785,,HG2062_PATCH:3036
HG2062_PATCH:3036,HG2062_PATCH,3036,A,0,NONE;NONE,intergenic,.,Unclassified_GDM_bin.2,0.0007537,,HG2062_PATCH:3036
HG2062_PATCH:3504,HG2062_PATCH,3504,T,C,NONE;NONE,intergenic,.,Enterobacter oligotrophicus,0.0004841,,HG2062_PATCH:3504
HG2216_PATCH:1602,HG2216_PATCH,1602,G,T,NONE;NONE,intergenic,.,Enterobacter oligotrophicus,5.031e-15,,HG2216_PATCH:1602
KI270729.1:1876,KI270729.1,1876,A,G,NONE;NONE,intergenic,.,Unclassified_68_bin.27,8.655e-05,,KI270729.1:1876
GL000225.1:13771,GL000225.1,13771,C,A,NONE;NONE,intergenic,.,Unclassified_68_bin.27,2.284e-05,,GL000225.1:13771
GL000225.1:15180,GL000225.1,15180,T,G,NONE;NONE,intergenic,.,Unclassified_A36_bin.27,1.762e-07,,GL000225.1:15180
GL000225.1:66369,GL000225.1,66369,C,A,NONE;NONE,intergenic,.,Cutibacterium granulosum,6.102e-06,,GL000225.1:66369
GL000225.1:73518,GL000225.1,73518,G,A,NONE;NONE,intergenic,.,Cutibacterium granulosum,1.165e-07,,GL000225.1:73518
GL000225.1:74074,GL000225.1,74074,-,CGATTTGTGACATATCTCT,NONE;NONE,intergenic,.,Planobacterium taklimakanense,0.0007094,,GL000225.1:74074
GL000225.1:102130,GL000225.1,102130,G,A,NONE;NONE,intergenic,.,Unclassified_BJ115_bin.6,1.817e-05,,GL000225.1:102130
GL000225.1:110414,GL000225.1,110414,G,T,NONE;NONE,intergenic,.,Cutibacterium granulosum,0.0002852,,GL000225.1:110414
GL000225.1:129201,GL000225.1,129201,C,A,NONE;NONE,intergenic,.,Corynebacterium kefirresidentii,3.795e-05,,GL000225.1:129201
GL000225.1:129209,GL000225.1,129209,T,A,NONE;NONE,intergenic,.,Cutibacterium namnetense,0.0006135,,GL000225.1:129209
GL000225.1:133498,GL000225.1,133498,C,A,NONE;NONE,intergenic,.,Vibrio metschnikovii,8.26e-06,,GL000225.1:133498
GL000008.2:2843,GL000008.2,2843,A,0,NONE;NONE,intergenic,.,Unclassified_68_bin.27,0.0003064,,GL000008.2:2843
KI270736.1:171419,KI270736.1,171419,G,0,NONE;NONE,intergenic,.,Anaerococcus nagyae,4.554e-17,,KI270736.1:171419
KI270736.1:171419,KI270736.1,171419,G,0,NONE;NONE,intergenic,.,Cutibacterium granulosum,4.469e-06,,KI270736.1:171419
KI270736.1:174253,KI270736.1,174253,C,A,NONE;NONE,intergenic,.,Alloprevotella sp015259235,0.0003731,,KI270736.1:174253
KI270736.1:174253,KI270736.1,174253,C,A,NONE;NONE,intergenic,.,Anaerococcus nagyae,3.689e-05,,KI270736.1:174253
KI270736.1:174336,KI270736.1,174336,G,A,NONE;NONE,intergenic,.,Unclassified_A36_bin.27,3.458e-08,,KI270736.1:174336
GL000216.2:756,GL000216.2,756,G,A,NONE;NONE,intergenic,.,Corynebacterium kefirresidentii,1.485e-07,,GL000216.2:756
GL000216.2:756,GL000216.2,756,G,A,NONE;NONE,intergenic,.,Unclassified_BJ063_bin.16,3.353e-05,,GL000216.2:756
GL000216.2:756,GL000216.2,756,G,A,NONE;NONE,intergenic,.,Unclassified_BJ205_bin.12,6.477e-06,,GL000216.2:756
GL000216.2:142352,GL000216.2,142352,G,C,NONE;NONE,intergenic,.,Vibrio metschnikovii,1.657e-05,,GL000216.2:142352
KI270712.1:56533,KI270712.1,56533,T,C,NONE;NONE,intergenic,.,Veillonella parvula_A,3.577e-08,,KI270712.1:56533
KI270744.1:108540,KI270744.1,108540,C,T,NONE;NONE,intergenic,.,Corynebacterium matruchotii,0.0002263,,KI270744.1:108540
KI270744.1:111493,KI270744.1,111493,C,A,NONE;NONE,intergenic,.,Anaerococcus nagyae,0.0003249,,KI270744.1:111493
KI270744.1:111493,KI270744.1,111493,C,A,NONE;NONE,intergenic,.,Cutibacterium granulosum,0.0002698,,KI270744.1:111493
KI270438.1:110594,KI270438.1,110594,G,T,NONE;NONE,intergenic,.,Corynebacterium kefirresidentii,3.439e-08,,KI270438.1:110594
KI270438.1:110594,KI270438.1,110594,G,T,NONE;NONE,intergenic,.,Corynebacterium matruchotii,1.951e-07,,KI270438.1:110594
KI270538.1:16341,KI270538.1,16341,T,G,NONE;NONE,intergenic,.,Unclassified_BJ161_bin.11,0.0006425,,KI270538.1:16341
KI270538.1:16341,KI270538.1,16341,T,G,NONE;NONE,intergenic,.,Unclassified_GDM_bin.2,0.0004851,,KI270538.1:16341
KI270757.1:15601,KI270757.1,15601,C,T,NONE;NONE,intergenic,.,Enterobacter oligotrophicus,6.979e-05,,KI270757.1:15601
KI270757.1:15623,KI270757.1,15623,A,G,NONE;NONE,intergenic,.,Enterobacter oligotrophicus,2.488e-06,,KI270757.1:15623
KI270757.1:64698,KI270757.1,64698,G,A,NONE;NONE,intergenic,.,Unclassified_68_bin.27,3.334e-05,,KI270757.1:64698
KI270467.1:3054,KI270467.1,3054,A,C,NONE;NONE,intergenic,.,Unclassified_68_bin.27,0.0008,,KI270467.1:3054
